"Apartamento en Arriendo, CHICO NORTE III Bogotá D.C..",http://www.metrocuadrado.com/inmueble/arriendo-apartamento-bogota-chico-norte-iii-1-habitaciones-2-banos-2-garajes/3422-2420-1,$2.600.000,116.0 m2,-74.05073401,4.68102765
"Apartamento en Venta Y Arriendo, SAN JOSE DEL PRADO Bogotá D.C..",http://www.metrocuadrado.com/inmueble/venta-apartamento-bogota-san-jose-del-prado-3-habitaciones-2-banos-1-garajes/432-994,$1.425.000,85.0 m2,-74.05980357,4.72435333
"Apartamento en Arriendo, URBANIZACION SANTA COLOMA Bogotá D.C..",http://www.metrocuadrado.com/inmueble/arriendo-apartamento-bogota-urbanizacion-santa-coloma-3-habitaciones-3-banos-2-garajes/2412-477872,$4.800.000,160.0 m2,-74.0475837,4.71687631
"Apartamento en Arriendo, SANTA BARBARA ORIENTAL Bogotá D.C..",http://www.metrocuadrado.com/inmueble/arriendo-apartamento-bogota-santa-barbara-oriental-1-habitaciones-2-banos-1-garajes/4082-53853,$1.499.000,55.0 m2,-74.03228093,4.70119313
"Apartamento en Arriendo, LOS ROSALES Bogotá D.C..",http://www.metrocuadrado.com/inmueble/arriendo-apartamento-bogota-los-rosales-3-habitaciones-4-banos-2-garajes/2412-477883,$6.000.000,154.0 m2,-74.04668977,4.66361758
"Apartamento en Arriendo, LA CABRERA Bogotá D.C..",http://www.metrocuadrado.com/inmueble/arriendo-apartamento-bogota-la-cabrera-3-habitaciones-4-banos-3-garajes/2671-4637,$13.025.000,330.0 m2,-74.05122323,4.67023533
"Apartamento en Venta Y Arriendo, LOS ROSALES Bogotá D.C..",http://www.metrocuadrado.com/inmueble/venta-apartamento-bogota-los-rosales-3-habitaciones-4-banos-0-garajes/5175-455,$13.000.000,370.0 m2,-74.04963662,4.65766998
"Apartamento en Venta Y Arriendo, LA ESPERANZA Bogotá D.C..",http://www.metrocuadrado.com/inmueble/venta-apartamento-bogota-la-esperanza-3-habitaciones-3-banos-2-garajes/2444-2139,$2.000.000,103.0 m2,-74.12171449,4.65813606
"Apartamento en Arriendo, TIBABUYES Bogotá D.C..",http://www.metrocuadrado.com/inmueble/arriendo-apartamento-bogota-tibabuyes-3-habitaciones-2-banos-1-garajes/183-12405,$1.150.000,70.0 m2,-74.09783958,4.74969184
"Apartamento en Arriendo, EMAUS Bogotá D.C..",http://www.metrocuadrado.com/inmueble/arriendo-apartamento-bogota-emaus-1-habitaciones-1-banos-1-garajes/5175-453,$1.695.000,50.0 m2,-74.05489988,4.64965414
"Apartamento en Arriendo, CHICO Bogotá D.C..",http://www.metrocuadrado.com/inmueble/arriendo-apartamento-bogota-chico-2-habitaciones-3-banos-1-garajes/2671-4636,$6.000.000,194.0 m2,-74.05107643,4.67193224
"Apartamento en Arriendo, EL REFUGIO Bogotá D.C..",http://www.metrocuadrado.com/inmueble/arriendo-apartamento-bogota-el-refugio-4-habitaciones-4-banos-3-garajes/2444-2130,$8.500.000,227.0 m2,-74.04314064,4.66877635
"Apartamento en Venta Y Arriendo, SAN PATRICIO Bogotá D.C..",http://www.metrocuadrado.com/inmueble/venta-apartamento-bogota-san-patricio-1-habitaciones-2-banos-1-garajes/350-1718,$1.800.000,60.0 m2,-74.04984605,4.69816618
"Apartamento en Arriendo, CHICO NORTE II Bogotá D.C..",http://www.metrocuadrado.com/inmueble/arriendo-apartamento-bogota-chico-norte-ii-1-habitaciones-1-banos-2-garajes/183-12403,$2.800.000,70.0 m2,-74.04211002,4.67875604
"Apartamento en Arriendo, CHICO Bogotá D.C..",http://www.metrocuadrado.com/inmueble/arriendo-apartamento-bogota-chico-3-habitaciones-5-banos-3-garajes/34-56906,$19.100.000,281.0 m2,-74.04815294,4.67150775
"Apartamento en Arriendo, LAS ACASIAS Bogotá D.C..",http://www.metrocuadrado.com/inmueble/arriendo-apartamento-bogota-las-acasias-3-habitaciones-2-banos-1-garajes/2444-2115,$1.600.000,105.0 m2,-74.02996008,4.72273588
"Apartamento en Arriendo, CANAPRO Bogotá D.C..",http://www.metrocuadrado.com/inmueble/arriendo-apartamento-bogota-canapro-3-habitaciones-3-banos-2-garajes/2444-2103,$2.000.000,101.0 m2,-74.03737531,4.75292331
"Apartamento en Arriendo, LAS NIEVES Bogotá D.C..",http://www.metrocuadrado.com/inmueble/arriendo-apartamento-bogota-las-nieves-2-habitaciones-2-banos-1-garajes/2444-2117,$2.400.000,61.0 m2,-74.0703049,4.60472602
"Apartamento en Arriendo, LAS ACACIAS Bogotá D.C..",http://www.metrocuadrado.com/inmueble/arriendo-apartamento-bogota-las-acacias-2-habitaciones-3-banos-4-garajes/5175-450,$13.500.000,241.0 m2,-74.05188372,4.6507148
"Apartamento en Arriendo, CHICO Bogotá D.C..",http://www.metrocuadrado.com/inmueble/arriendo-apartamento-bogota-chico-2-habitaciones-2-banos-2-garajes/2444-2099,$3.447.000,94.0 m2,-74.05493607,4.67637931
"Apartamento en Arriendo, CHICO NORTE II Bogotá D.C..",http://www.metrocuadrado.com/inmueble/arriendo-apartamento-bogota-chico-norte-ii-2-habitaciones-3-banos-2-garajes/2444-2113,$3.000.000,110.0 m2,-74.04078239,4.67847001
"Apartamento en Arriendo, MOLINOS NORTE Bogotá D.C..",http://www.metrocuadrado.com/inmueble/arriendo-apartamento-bogota-molinos-norte-2-habitaciones-2-banos-2-garajes/2412-477816,$1.950.000,80.0 m2,-74.04233049,4.69272101
"Apartamento en Arriendo, MODELIA Bogotá D.C..",http://www.metrocuadrado.com/inmueble/arriendo-apartamento-bogota-modelia-3-habitaciones-2-banos-1-garajes/4278-1675,$1.315.000,84.0 m2,-74.11456734,4.66418289
"Apartamento en Venta Y Arriendo, CENTRO ENGATIVA Bogotá D.C..",http://www.metrocuadrado.com/inmueble/venta-apartamento-bogota-centro-engativa-3-habitaciones-2-banos-0-garajes/2444-2090,$800.000,50.0 m2,-74.12940009,4.71806889
"Apartamento en Arriendo, EL DORADO Bogotá D.C..",http://www.metrocuadrado.com/inmueble/arriendo-apartamento-bogota-el-dorado-3-habitaciones-2-banos-1-garajes/164-10866,$1.100.000,68.0 m2,-74.12624693,4.72320215
"Apartamento en Arriendo, SANTA BARBARA OCCIDENTAL Bogotá D.C..",http://www.metrocuadrado.com/inmueble/arriendo-apartamento-bogota-santa-barbara-occidental-2-habitaciones-2-banos-2-garajes/2444-2116,$2.000.000,65.0 m2,-74.04593525,4.69920496
"Apartamento en Arriendo, SANTA BIBIANA Bogotá D.C..",http://www.metrocuadrado.com/inmueble/arriendo-apartamento-bogota-santa-bibiana-1-habitaciones-2-banos-1-garajes/2444-2102,$2.000.000,49.0 m2,-74.05597076,4.68848198
"Apartamento en Venta Y Arriendo, PUENTE LARGO Bogotá D.C..",http://www.metrocuadrado.com/inmueble/venta-apartamento-bogota-puente-largo-3-habitaciones-3-banos-2-garajes/2444-2091,$3.539.600,86.0 m2,-74.06517797,4.69372262
"Apartamento en Arriendo, LOS CEDRITOS Bogotá D.C..",http://www.metrocuadrado.com/inmueble/arriendo-apartamento-bogota-los-cedritos-2-habitaciones-2-banos-1-garajes/771-8800,$1.800.000,70.0 m2,-74.04205126,4.72457327
"Apartamento en Venta Y Arriendo, LOS CEDRITOS Bogotá D.C..",http://www.metrocuadrado.com/inmueble/venta-apartamento-bogota-los-cedritos-1-habitaciones-1-banos-2-garajes/2444-2101,$1.400.000,57.0 m2,-74.04263832,4.72691813
"Apartamento en Arriendo, LA FELICIDAD Bogotá D.C..",http://www.metrocuadrado.com/inmueble/arriendo-apartamento-bogota-la-felicidad-3-habitaciones-2-banos-1-garajes/183-12404,$1.780.000,88.0 m2,-74.12909906,4.65684552
"Apartamento en Arriendo, LOS CEDRITOS Bogotá D.C..",http://www.metrocuadrado.com/inmueble/arriendo-apartamento-bogota-los-cedritos-1-habitaciones-2-banos-1-garajes/779-2698,$1.300.000,50.0 m2,-74.04202218,4.72735803
"Apartamento en Arriendo, GILMAR Bogotá D.C..",http://www.metrocuadrado.com/inmueble/arriendo-apartamento-bogota-gilmar-3-habitaciones-2-banos-1-garajes/391-53807,$1.150.000,60.0 m2,-74.06388649,4.7469717
"Apartamento en Arriendo, LA PICOTA SUR Bogotá D.C..",http://www.metrocuadrado.com/inmueble/arriendo-apartamento-bogota-la-picota-sur-3-habitaciones-2-banos/3222-2645,$650.000,46.0 m2,-74.11749032,4.53132236
"Apartamento en Arriendo, SUBA URBANO Bogotá D.C..",http://www.metrocuadrado.com/inmueble/arriendo-apartamento-bogota-suba-urbano-3-habitaciones-2-banos-0-garajes/2444-2105,$914.000,55.0 m2,-74.08177691,4.73665221
"Apartamento en Arriendo, CHICO NORTE III Bogotá D.C..",http://www.metrocuadrado.com/inmueble/arriendo-apartamento-bogota-chico-norte-iii-4-habitaciones-4-banos-2-garajes/34-56884,$6.000.000,228.0 m2,-74.05598101,4.68123035
"Apartamento en Arriendo, CHAPINERO CENTRAL Bogotá D.C..",http://www.metrocuadrado.com/inmueble/arriendo-apartamento-bogota-chapinero-central-2-habitaciones-2-banos-1-garajes/507-577,$1.326.000,63.0 m2,-74.06320526,4.6415968
"Apartamento en Arriendo, SANTA BARBARA CENTRAL Bogotá D.C..",http://www.metrocuadrado.com/inmueble/arriendo-apartamento-bogota-santa-barbara-central-3-habitaciones-4-banos-0-garajes/2412-388437,$2.200.000,157.0 m2,-74.03368425,4.70016057
"Apartamento en Arriendo, EL NOGAL Bogotá D.C..",http://www.metrocuadrado.com/inmueble/arriendo-apartamento-bogota-el-nogal-1-habitaciones-2-banos-2-garajes/2412-477717,$4.900.000,150.0 m2,-74.05021342,4.66304769
"Apartamento en Arriendo, LOS CEDRITOS Bogotá D.C..",http://www.metrocuadrado.com/inmueble/arriendo-apartamento-bogota-los-cedritos-1-habitaciones-1-banos-1-garajes/34-56908,$1.500.000,32.0 m2,-74.04871533,4.72341435
"Apartamento en Arriendo, VILLAS DEL MEDITERRANEO Bogotá D.C..",http://www.metrocuadrado.com/inmueble/arriendo-apartamento-bogota-villas-del-mediterraneo-3-habitaciones-2-banos-2-garajes/2412-477738,$2.200.000,106.0 m2,-74.03283115,4.73328177
"Apartamento en Arriendo, FLORIDA BLANCA NORTE Bogotá D.C..",http://www.metrocuadrado.com/inmueble/arriendo-apartamento-bogota-florida-blanca-norte-3-habitaciones-2-banos-0-garajes/34-56905,$1.050.000,64.0 m2,-74.10864328,4.69679477
"Apartamento en Arriendo, PARQUES DE LORENA Bogotá D.C..",http://www.metrocuadrado.com/inmueble/arriendo-apartamento-bogota-parques-de-lorena-3-habitaciones-4-banos-3-garajes/2671-4635,$3.600.000,148.0 m2,-74.03525862,4.73204692
"Apartamento en Arriendo, A.S.D. Bogotá D.C..",http://www.metrocuadrado.com/inmueble/arriendo-apartamento-bogota-a.s.d.-3-habitaciones-4-banos-3-garajes/2529-11227,$6.500.000,220.0 m2,-74.0579092,4.63882634
"Apartamento en Venta Y Arriendo, SANTA BARBARA OCCIDENTAL Bogotá D.C..",http://www.metrocuadrado.com/inmueble/venta-apartamento-bogota-santa-barbara-occidental-2-habitaciones-3-banos-2-garajes/5175-445,$2.200.000,116.0 m2,-74.04433545,4.70175897
"Apartamento en Arriendo, PUENTE LARGO Bogotá D.C..",http://www.metrocuadrado.com/inmueble/arriendo-apartamento-bogota-puente-largo-2-habitaciones-2-banos-2-garajes/2529-3464,$1.700.000,78.0 m2,-74.06517797,4.69372262
"Apartamento en Arriendo, PUENTE LARGO Bogotá D.C..",http://www.metrocuadrado.com/inmueble/arriendo-apartamento-bogota-puente-largo-3-habitaciones-4-banos-2-garajes/2444-2070,$4.000.000,172.0 m2,-74.06791327,4.70181763
"Apartamento en Arriendo, MODELIA OCCIDENTAL Bogotá D.C..",http://www.metrocuadrado.com/inmueble/arriendo-apartamento-bogota-modelia-occidental-1-habitaciones-2-banos-1-garajes/183-12402,$1.178.000,70.0 m2,-74.12598117,4.67035787
"Apartamento en Arriendo, EL SALITRE Bogotá D.C..",http://www.metrocuadrado.com/inmueble/arriendo-apartamento-bogota-el-salitre-2-habitaciones-1-banos-0-garajes/703-1552,$715.000,44.0 m2,-74.08963168,4.75434798
"Apartamento en Venta Y Arriendo, MOLINOS NORTE Bogotá D.C..",http://www.metrocuadrado.com/inmueble/venta-apartamento-bogota-molinos-norte-3-habitaciones-2-banos-2-garajes/920-42147157,$2.090.000,120.0 m2,-74.04442929,4.69281886
"Apartamento en Arriendo, CHICO NORTE III Bogotá D.C..",http://www.metrocuadrado.com/inmueble/arriendo-apartamento-bogota-chico-norte-iii-1-habitaciones-2-banos-2-garajes/3422-2420-1,$2.600.000,116.0 m2,-74.05073401,4.68102765
"Apartamento en Venta Y Arriendo, SAN JOSE DEL PRADO Bogotá D.C..",http://www.metrocuadrado.com/inmueble/venta-apartamento-bogota-san-jose-del-prado-3-habitaciones-2-banos-1-garajes/432-994,$1.425.000,85.0 m2,-74.05980357,4.72435333
"Apartamento en Arriendo, URBANIZACION SANTA COLOMA Bogotá D.C..",http://www.metrocuadrado.com/inmueble/arriendo-apartamento-bogota-urbanizacion-santa-coloma-3-habitaciones-3-banos-2-garajes/2412-477872,$4.800.000,160.0 m2,-74.0475837,4.71687631
"Apartamento en Arriendo, SANTA BARBARA ORIENTAL Bogotá D.C..",http://www.metrocuadrado.com/inmueble/arriendo-apartamento-bogota-santa-barbara-oriental-1-habitaciones-2-banos-1-garajes/4082-53853,$1.499.000,55.0 m2,-74.03228093,4.70119313
"Apartamento en Arriendo, LOS ROSALES Bogotá D.C..",http://www.metrocuadrado.com/inmueble/arriendo-apartamento-bogota-los-rosales-3-habitaciones-4-banos-2-garajes/2412-477883,$6.000.000,154.0 m2,-74.04668977,4.66361758
"Apartamento en Arriendo, LA CABRERA Bogotá D.C..",http://www.metrocuadrado.com/inmueble/arriendo-apartamento-bogota-la-cabrera-3-habitaciones-4-banos-3-garajes/2671-4637,$13.025.000,330.0 m2,-74.05122323,4.67023533
"Apartamento en Venta Y Arriendo, LOS ROSALES Bogotá D.C..",http://www.metrocuadrado.com/inmueble/venta-apartamento-bogota-los-rosales-3-habitaciones-4-banos-0-garajes/5175-455,$13.000.000,370.0 m2,-74.04963662,4.65766998
"Apartamento en Venta Y Arriendo, LA ESPERANZA Bogotá D.C..",http://www.metrocuadrado.com/inmueble/venta-apartamento-bogota-la-esperanza-3-habitaciones-3-banos-2-garajes/2444-2139,$2.000.000,103.0 m2,-74.12171449,4.65813606
"Apartamento en Arriendo, TIBABUYES Bogotá D.C..",http://www.metrocuadrado.com/inmueble/arriendo-apartamento-bogota-tibabuyes-3-habitaciones-2-banos-1-garajes/183-12405,$1.150.000,70.0 m2,-74.09783958,4.74969184
"Apartamento en Arriendo, EMAUS Bogotá D.C..",http://www.metrocuadrado.com/inmueble/arriendo-apartamento-bogota-emaus-1-habitaciones-1-banos-1-garajes/5175-453,$1.695.000,50.0 m2,-74.05489988,4.64965414
"Apartamento en Arriendo, CHICO Bogotá D.C..",http://www.metrocuadrado.com/inmueble/arriendo-apartamento-bogota-chico-2-habitaciones-3-banos-1-garajes/2671-4636,$6.000.000,194.0 m2,-74.05107643,4.67193224
"Apartamento en Arriendo, EL REFUGIO Bogotá D.C..",http://www.metrocuadrado.com/inmueble/arriendo-apartamento-bogota-el-refugio-4-habitaciones-4-banos-3-garajes/2444-2130,$8.500.000,227.0 m2,-74.04314064,4.66877635
"Apartamento en Venta Y Arriendo, SAN PATRICIO Bogotá D.C..",http://www.metrocuadrado.com/inmueble/venta-apartamento-bogota-san-patricio-1-habitaciones-2-banos-1-garajes/350-1718,$1.800.000,60.0 m2,-74.04984605,4.69816618
"Apartamento en Arriendo, CHICO NORTE II Bogotá D.C..",http://www.metrocuadrado.com/inmueble/arriendo-apartamento-bogota-chico-norte-ii-1-habitaciones-1-banos-2-garajes/183-12403,$2.800.000,70.0 m2,-74.04211002,4.67875604
"Apartamento en Arriendo, CHICO Bogotá D.C..",http://www.metrocuadrado.com/inmueble/arriendo-apartamento-bogota-chico-3-habitaciones-5-banos-3-garajes/34-56906,$19.100.000,281.0 m2,-74.04815294,4.67150775
"Apartamento en Arriendo, LAS ACASIAS Bogotá D.C..",http://www.metrocuadrado.com/inmueble/arriendo-apartamento-bogota-las-acasias-3-habitaciones-2-banos-1-garajes/2444-2115,$1.600.000,105.0 m2,-74.02996008,4.72273588
"Apartamento en Arriendo, CANAPRO Bogotá D.C..",http://www.metrocuadrado.com/inmueble/arriendo-apartamento-bogota-canapro-3-habitaciones-3-banos-2-garajes/2444-2103,$2.000.000,101.0 m2,-74.03737531,4.75292331
"Apartamento en Arriendo, LAS NIEVES Bogotá D.C..",http://www.metrocuadrado.com/inmueble/arriendo-apartamento-bogota-las-nieves-2-habitaciones-2-banos-1-garajes/2444-2117,$2.400.000,61.0 m2,-74.0703049,4.60472602
"Apartamento en Arriendo, LAS ACACIAS Bogotá D.C..",http://www.metrocuadrado.com/inmueble/arriendo-apartamento-bogota-las-acacias-2-habitaciones-3-banos-4-garajes/5175-450,$13.500.000,241.0 m2,-74.05188372,4.6507148
"Apartamento en Arriendo, CHICO Bogotá D.C..",http://www.metrocuadrado.com/inmueble/arriendo-apartamento-bogota-chico-2-habitaciones-2-banos-2-garajes/2444-2099,$3.447.000,94.0 m2,-74.05493607,4.67637931
"Apartamento en Arriendo, CHICO NORTE II Bogotá D.C..",http://www.metrocuadrado.com/inmueble/arriendo-apartamento-bogota-chico-norte-ii-2-habitaciones-3-banos-2-garajes/2444-2113,$3.000.000,110.0 m2,-74.04078239,4.67847001
"Apartamento en Arriendo, MOLINOS NORTE Bogotá D.C..",http://www.metrocuadrado.com/inmueble/arriendo-apartamento-bogota-molinos-norte-2-habitaciones-2-banos-2-garajes/2412-477816,$1.950.000,80.0 m2,-74.04233049,4.69272101
"Apartamento en Arriendo, MODELIA Bogotá D.C..",http://www.metrocuadrado.com/inmueble/arriendo-apartamento-bogota-modelia-3-habitaciones-2-banos-1-garajes/4278-1675,$1.315.000,84.0 m2,-74.11456734,4.66418289
"Apartamento en Venta Y Arriendo, CENTRO ENGATIVA Bogotá D.C..",http://www.metrocuadrado.com/inmueble/venta-apartamento-bogota-centro-engativa-3-habitaciones-2-banos-0-garajes/2444-2090,$800.000,50.0 m2,-74.12940009,4.71806889
"Apartamento en Arriendo, EL DORADO Bogotá D.C..",http://www.metrocuadrado.com/inmueble/arriendo-apartamento-bogota-el-dorado-3-habitaciones-2-banos-1-garajes/164-10866,$1.100.000,68.0 m2,-74.12624693,4.72320215
"Apartamento en Arriendo, SANTA BARBARA OCCIDENTAL Bogotá D.C..",http://www.metrocuadrado.com/inmueble/arriendo-apartamento-bogota-santa-barbara-occidental-2-habitaciones-2-banos-2-garajes/2444-2116,$2.000.000,65.0 m2,-74.04593525,4.69920496
"Apartamento en Arriendo, SANTA BIBIANA Bogotá D.C..",http://www.metrocuadrado.com/inmueble/arriendo-apartamento-bogota-santa-bibiana-1-habitaciones-2-banos-1-garajes/2444-2102,$2.000.000,49.0 m2,-74.05597076,4.68848198
"Apartamento en Venta Y Arriendo, PUENTE LARGO Bogotá D.C..",http://www.metrocuadrado.com/inmueble/venta-apartamento-bogota-puente-largo-3-habitaciones-3-banos-2-garajes/2444-2091,$3.539.600,86.0 m2,-74.06517797,4.69372262
"Apartamento en Arriendo, LOS CEDRITOS Bogotá D.C..",http://www.metrocuadrado.com/inmueble/arriendo-apartamento-bogota-los-cedritos-2-habitaciones-2-banos-1-garajes/771-8800,$1.800.000,70.0 m2,-74.04205126,4.72457327
"Apartamento en Venta Y Arriendo, LOS CEDRITOS Bogotá D.C..",http://www.metrocuadrado.com/inmueble/venta-apartamento-bogota-los-cedritos-1-habitaciones-1-banos-2-garajes/2444-2101,$1.400.000,57.0 m2,-74.04263832,4.72691813
"Apartamento en Arriendo, LA FELICIDAD Bogotá D.C..",http://www.metrocuadrado.com/inmueble/arriendo-apartamento-bogota-la-felicidad-3-habitaciones-2-banos-1-garajes/183-12404,$1.780.000,88.0 m2,-74.12909906,4.65684552
"Apartamento en Arriendo, LOS CEDRITOS Bogotá D.C..",http://www.metrocuadrado.com/inmueble/arriendo-apartamento-bogota-los-cedritos-1-habitaciones-2-banos-1-garajes/779-2698,$1.300.000,50.0 m2,-74.04202218,4.72735803
"Apartamento en Arriendo, GILMAR Bogotá D.C..",http://www.metrocuadrado.com/inmueble/arriendo-apartamento-bogota-gilmar-3-habitaciones-2-banos-1-garajes/391-53807,$1.150.000,60.0 m2,-74.06388649,4.7469717
"Apartamento en Arriendo, LA PICOTA SUR Bogotá D.C..",http://www.metrocuadrado.com/inmueble/arriendo-apartamento-bogota-la-picota-sur-3-habitaciones-2-banos/3222-2645,$650.000,46.0 m2,-74.11749032,4.53132236
"Apartamento en Arriendo, SUBA URBANO Bogotá D.C..",http://www.metrocuadrado.com/inmueble/arriendo-apartamento-bogota-suba-urbano-3-habitaciones-2-banos-0-garajes/2444-2105,$914.000,55.0 m2,-74.08177691,4.73665221
"Apartamento en Arriendo, CHICO NORTE III Bogotá D.C..",http://www.metrocuadrado.com/inmueble/arriendo-apartamento-bogota-chico-norte-iii-4-habitaciones-4-banos-2-garajes/34-56884,$6.000.000,228.0 m2,-74.05598101,4.68123035
"Apartamento en Arriendo, CHAPINERO CENTRAL Bogotá D.C..",http://www.metrocuadrado.com/inmueble/arriendo-apartamento-bogota-chapinero-central-2-habitaciones-2-banos-1-garajes/507-577,$1.326.000,63.0 m2,-74.06320526,4.6415968
"Apartamento en Arriendo, SANTA BARBARA CENTRAL Bogotá D.C..",http://www.metrocuadrado.com/inmueble/arriendo-apartamento-bogota-santa-barbara-central-3-habitaciones-4-banos-0-garajes/2412-388437,$2.200.000,157.0 m2,-74.03368425,4.70016057
"Apartamento en Arriendo, EL NOGAL Bogotá D.C..",http://www.metrocuadrado.com/inmueble/arriendo-apartamento-bogota-el-nogal-1-habitaciones-2-banos-2-garajes/2412-477717,$4.900.000,150.0 m2,-74.05021342,4.66304769
"Apartamento en Arriendo, LOS CEDRITOS Bogotá D.C..",http://www.metrocuadrado.com/inmueble/arriendo-apartamento-bogota-los-cedritos-1-habitaciones-1-banos-1-garajes/34-56908,$1.500.000,32.0 m2,-74.04871533,4.72341435
"Apartamento en Arriendo, VILLAS DEL MEDITERRANEO Bogotá D.C..",http://www.metrocuadrado.com/inmueble/arriendo-apartamento-bogota-villas-del-mediterraneo-3-habitaciones-2-banos-2-garajes/2412-477738,$2.200.000,106.0 m2,-74.03283115,4.73328177
"Apartamento en Arriendo, FLORIDA BLANCA NORTE Bogotá D.C..",http://www.metrocuadrado.com/inmueble/arriendo-apartamento-bogota-florida-blanca-norte-3-habitaciones-2-banos-0-garajes/34-56905,$1.050.000,64.0 m2,-74.10864328,4.69679477
"Apartamento en Arriendo, PARQUES DE LORENA Bogotá D.C..",http://www.metrocuadrado.com/inmueble/arriendo-apartamento-bogota-parques-de-lorena-3-habitaciones-4-banos-3-garajes/2671-4635,$3.600.000,148.0 m2,-74.03525862,4.73204692
"Apartamento en Arriendo, A.S.D. Bogotá D.C..",http://www.metrocuadrado.com/inmueble/arriendo-apartamento-bogota-a.s.d.-3-habitaciones-4-banos-3-garajes/2529-11227,$6.500.000,220.0 m2,-74.0579092,4.63882634
"Apartamento en Venta Y Arriendo, SANTA BARBARA OCCIDENTAL Bogotá D.C..",http://www.metrocuadrado.com/inmueble/venta-apartamento-bogota-santa-barbara-occidental-2-habitaciones-3-banos-2-garajes/5175-445,$2.200.000,116.0 m2,-74.04433545,4.70175897
"Apartamento en Arriendo, PUENTE LARGO Bogotá D.C..",http://www.metrocuadrado.com/inmueble/arriendo-apartamento-bogota-puente-largo-2-habitaciones-2-banos-2-garajes/2529-3464,$1.700.000,78.0 m2,-74.06517797,4.69372262
"Apartamento en Arriendo, PUENTE LARGO Bogotá D.C..",http://www.metrocuadrado.com/inmueble/arriendo-apartamento-bogota-puente-largo-3-habitaciones-4-banos-2-garajes/2444-2070,$4.000.000,172.0 m2,-74.06791327,4.70181763
"Apartamento en Arriendo, MODELIA OCCIDENTAL Bogotá D.C..",http://www.metrocuadrado.com/inmueble/arriendo-apartamento-bogota-modelia-occidental-1-habitaciones-2-banos-1-garajes/183-12402,$1.178.000,70.0 m2,-74.12598117,4.67035787
"Apartamento en Arriendo, EL SALITRE Bogotá D.C..",http://www.metrocuadrado.com/inmueble/arriendo-apartamento-bogota-el-salitre-2-habitaciones-1-banos-0-garajes/703-1552,$715.000,44.0 m2,-74.08963168,4.75434798
"Apartamento en Venta Y Arriendo, MOLINOS NORTE Bogotá D.C..",http://www.metrocuadrado.com/inmueble/venta-apartamento-bogota-molinos-norte-3-habitaciones-2-banos-2-garajes/920-42147157,$2.090.000,120.0 m2,-74.04442929,4.69281886
"Apartamento en Venta Y Arriendo, CAOBOS SALAZAR Bogotá D.C..",http://www.metrocuadrado.com/inmueble/venta-apartamento-bogota-caobos-salazar-2-habitaciones-2-banos-1-garajes/2444-2071,$1.600.000,81.0 m2,-74.03392922,4.72709532
"Apartamento en Arriendo, PUENTE LARGO Bogotá D.C..",http://www.metrocuadrado.com/inmueble/arriendo-apartamento-bogota-puente-largo-3-habitaciones-4-banos-2-garajes/2444-2081,$4.000.000,125.0 m2,-74.06791327,4.70181763
"Apartamento en Arriendo, ANTIGUO COUNTRY Bogotá D.C..",http://www.metrocuadrado.com/inmueble/arriendo-apartamento-bogota-antiguo-country-4-habitaciones-3-banos-1-garajes/2361-78120,$3.000.000,118.0 m2,-74.05633105,4.67331883
"Apartamento en Arriendo, IBERIA Bogotá D.C..",http://www.metrocuadrado.com/inmueble/arriendo-apartamento-bogota-iberia-2-habitaciones-2-banos-1-garajes/771-8798,$1.380.000,64.0 m2,-74.06841361,4.7280477
"Apartamento en Arriendo, SANTA TERESA Bogotá D.C..",http://www.metrocuadrado.com/inmueble/arriendo-apartamento-bogota-santa-teresa-3-habitaciones-2-banos-2-garajes/2444-2073,$1.473.000,87.0 m2,-74.02412421,4.74576041
"Apartamento en Arriendo, CAOBOS SALAZAR Bogotá D.C..",http://www.metrocuadrado.com/inmueble/arriendo-apartamento-bogota-caobos-salazar-3-habitaciones-3-banos-2-garajes/2444-2082,$2.200.000,105.0 m2,-74.03267765,4.72574744
"Apartamento en Arriendo, CHICO NORTE III Bogotá D.C..",http://www.metrocuadrado.com/inmueble/arriendo-apartamento-bogota-chico-norte-iii-2-habitaciones-2-banos-2-garajes/5175-447,$4.500.000,100.0 m2,-74.05101768,4.68170409
"Apartamento en Arriendo, CASA BLANCA SUBA Bogotá D.C..",http://www.metrocuadrado.com/inmueble/arriendo-apartamento-bogota-casa-blanca-suba-3-habitaciones-3-banos-2-garajes/164-17168,$1.800.000,100.0 m2,-74.07037167,4.75641205
"Apartamento en Venta Y Arriendo, NUEVA GRANADA Bogotá D.C..",http://www.metrocuadrado.com/inmueble/venta-apartamento-bogota-nueva-granada-2-habitaciones-2-banos-1-garajes/5175-448,$1.900.000,81.0 m2,-74.05468861,4.64560938
"Apartamento en Arriendo, LAS ACACIAS Bogotá D.C..",http://www.metrocuadrado.com/inmueble/arriendo-apartamento-bogota-las-acacias-2-habitaciones-3-banos-2-garajes/920-42147158,$3.800.000,123.0 m2,-74.05184105,4.65073123
"Apartamento en Arriendo, EL RECUERDO Bogotá D.C..",http://www.metrocuadrado.com/inmueble/arriendo-apartamento-bogota-el-recuerdo-3-habitaciones-1-banos-1-garajes/526-39740,$1.700.000,75.0 m2,-74.09056782,4.63317635
"Apartamento en Arriendo, MOLINOS NORTE Bogotá D.C..",http://www.metrocuadrado.com/inmueble/arriendo-apartamento-bogota-molinos-norte-2-habitaciones-3-banos-2-garajes/826-21738,$2.100.000,97.0 m2,-74.04202278,4.69439076
"Apartamento en Arriendo, ACACIAS USAQUEN Bogotá D.C..",http://www.metrocuadrado.com/inmueble/arriendo-apartamento-bogota-acacias-usaquen-2-habitaciones-3-banos-1-garajes/779-2697,$1.400.000,85.0 m2,-74.03667205,4.72422577
"Apartamento en Arriendo, EMAUS Bogotá D.C..",http://www.metrocuadrado.com/inmueble/arriendo-apartamento-bogota-emaus-1-habitaciones-1-banos-1-garajes/920-42147153,$2.100.000,48.0 m2,-74.05477169,4.64874816
"Apartamento en Arriendo, SANTA BARBARA OCCIDENTAL Bogotá D.C..",http://www.metrocuadrado.com/inmueble/arriendo-apartamento-bogota-santa-barbara-occidental-1-habitaciones-2-banos-1-garajes/3606-858,$1.900.000,66.0 m2,-74.05134842,4.69993671
"Apartamento en Arriendo, PARIS Bogotá D.C..",http://www.metrocuadrado.com/inmueble/arriendo-apartamento-bogota-paris-3-habitaciones-2-banos-1-garajes/526-39766,$1.300.000,65.0 m2,-74.10264332,4.70189497
"Apartamento en Arriendo, PORTALES DEL NORTE Bogotá D.C..",http://www.metrocuadrado.com/inmueble/arriendo-apartamento-bogota-portales-del-norte-3-habitaciones-2-banos-1-garajes/183-12401,$1.400.000,75.0 m2,-74.0676577,4.75135784
"Apartamento en Arriendo, EMAUS Bogotá D.C..",http://www.metrocuadrado.com/inmueble/arriendo-apartamento-bogota-emaus-2-habitaciones-2-banos-2-garajes/34-56897,$5.000.000,104.0 m2,-74.0547448,4.64908204
"Apartamento en Arriendo, EL SALITRE Bogotá D.C..",http://www.metrocuadrado.com/inmueble/arriendo-apartamento-bogota-el-salitre-3-habitaciones-2-banos-1-garajes/258-853,$1.800.000,92.0 m2,-74.10130344,4.65300023
"Apartamento en Arriendo, LAS ACASIAS Bogotá D.C..",http://www.metrocuadrado.com/inmueble/arriendo-apartamento-bogota-las-acasias-1-habitaciones-1-banos-1-garajes/779-2696,$850.000,52.0 m2,-74.02934508,4.72107312
"Apartamento en Arriendo, SANTA BARBARA ALTA Bogotá D.C..",http://www.metrocuadrado.com/inmueble/arriendo-apartamento-bogota-santa-barbara-alta-1-habitaciones-2-banos-0-garajes/164-17167,$3.500.000,85.0 m2,-74.03066822,4.69318331
"Apartamento en Arriendo, LA SOLEDAD Bogotá D.C..",http://www.metrocuadrado.com/inmueble/arriendo-apartamento-bogota-la-soledad-1-habitaciones-1-banos-0-garajes/34-56894,$1.300.000,40.0 m2,-74.07693607,4.62734245
"Apartamento en Arriendo, ANTIGUO COUNTRY Bogotá D.C..",http://www.metrocuadrado.com/inmueble/arriendo-apartamento-bogota-antiguo-country-2-habitaciones-2-banos-2-garajes/920-42147154,$3.700.000,113.0 m2,-74.05465304,4.67364507
"Apartamento en Arriendo, SANTA BARBARA CENTRAL Bogotá D.C..",http://www.metrocuadrado.com/inmueble/arriendo-apartamento-bogota-santa-barbara-central-3-habitaciones-2-banos-2-garajes/258-851,$2.180.000,96.0 m2,-74.03470194,4.69561881
"Apartamento en Arriendo, SANTA BARBARA OCCIDENTAL Bogotá D.C..",http://www.metrocuadrado.com/inmueble/arriendo-apartamento-bogota-santa-barbara-occidental-3-habitaciones-3-banos-2-garajes/2671-4634,$5.000.000,122.0 m2,-74.05277074,4.7000691
"Apartamento en Arriendo, CENTENARIO Bogotá D.C..",http://www.metrocuadrado.com/inmueble/arriendo-apartamento-bogota-centenario-3-habitaciones-2-banos-0-garajes/526-18689,$900.000,48.0 m2,-74.15148115,4.67148401
"Apartamento en Arriendo, EMAUS Bogotá D.C..",http://www.metrocuadrado.com/inmueble/arriendo-apartamento-bogota-emaus-3-habitaciones-3-banos-2-garajes/4685-164,$3.200.000,100.0 m2,-74.0554852,4.65327574
"Apartamento en Arriendo, SAMPER Bogotá D.C..",http://www.metrocuadrado.com/inmueble/arriendo-apartamento-bogota-samper-1-habitaciones-1-banos-1-garajes/713-1604,$2.000.000,49.0 m2,-74.07070089,4.61619601
"Apartamento en Arriendo, LA SOLEDAD Bogotá D.C..",http://www.metrocuadrado.com/inmueble/arriendo-apartamento-bogota-la-soledad-2-habitaciones-1-banos-0-garajes/2-4242,$1.500.000,60.0 m2,-74.0739358,4.62607379
"Apartamento en Arriendo, EL NOGAL Bogotá D.C..",http://www.metrocuadrado.com/inmueble/arriendo-apartamento-bogota-el-nogal-1-habitaciones-1-banos-1-garajes/198-M1950862,$3.000.000,70.0 m2,-74.05221557617188,4.661555767059326
"Apartamento en Arriendo, VILLA ALSACIA Bogotá D.C..",http://www.metrocuadrado.com/inmueble/arriendo-apartamento-bogota-villa-alsacia-2-habitaciones-1-banos-0-garajes/526-39732,$750.000,40.0 m2,-74.1280706,4.64109789
"Apartamento en Arriendo, TIBABUYES Bogotá D.C..",http://www.metrocuadrado.com/inmueble/arriendo-apartamento-bogota-tibabuyes-3-habitaciones-1-garajes/540-53805,$1.200.000,63.0 m2,-74.09438058,4.75180853
"Apartamento en Arriendo, CIUDAD SALITRE OCCIDENTAL Bogotá D.C..",http://www.metrocuadrado.com/inmueble/arriendo-apartamento-bogota-ciudad-salitre-occidental-3-habitaciones-3-banos-1-garajes/540-41928,$2.000.000,86.0 m2,-74.10966565,4.65181235
"Apartamento en Arriendo, CENTENARIO Bogotá D.C..",http://www.metrocuadrado.com/inmueble/arriendo-apartamento-bogota-centenario-2-habitaciones-2-banos-0-garajes/526-39729,$850.000,47.0 m2,-74.15148115,4.67148401
"Apartamento en Arriendo, CHICO NORTE Bogotá D.C..",http://www.metrocuadrado.com/inmueble/arriendo-apartamento-bogota-chico-norte-1-habitaciones-2-banos-2-garajes/3216-M1950885,$2.800.000,76.0 m2,-74.05347442626953,4.67935037612915
"Apartamento en Arriendo, SAMPER Bogotá D.C..",http://www.metrocuadrado.com/inmueble/arriendo-apartamento-bogota-samper-1-habitaciones-2-banos-1-garajes/713-1605,$2.000.000,45.0 m2,-74.07075068,4.6166185
"Apartamento en Arriendo, EL BATAN Bogotá D.C..",http://www.metrocuadrado.com/inmueble/arriendo-apartamento-bogota-el-batan-1-habitaciones-2-banos-1-garajes/4337-M1950892,$1.100.000,57.0 m2,-74.06002044677734,4.70624303817749
"Apartamento en Arriendo, TIBABITA Bogotá D.C..",http://www.metrocuadrado.com/inmueble/arriendo-apartamento-bogota-tibabita-2-habitaciones-1-banos-0-garajes/665-707,$800.000,42.0 m2,-74.02996232,4.76548361
"Apartamento en Arriendo, SANTA BIBIANA Bogotá D.C..",http://www.metrocuadrado.com/inmueble/arriendo-apartamento-bogota-santa-bibiana-1-habitaciones-2-banos-1-garajes/2671-4633,$2.200.000,60.0 m2,-74.0525085,4.68826364
"Apartamento en Arriendo, LA CABAÑA Bogotá D.C..",http://www.metrocuadrado.com/inmueble/arriendo-apartamento-bogota-la-cabana-2-habitaciones-2-banos-1-garajes/3121-M1950588,$1.000.000,60.0 m2,-74.10108184814453,4.6729512214660645
"Apartamento en Arriendo, CHICO Bogotá D.C..",http://www.metrocuadrado.com/inmueble/arriendo-apartamento-bogota-chico-1-habitaciones-2-banos-2-garajes/800-M1950534,$3.500.000,53.0 m2,-74.05178833007812,4.673309803009033
"Apartamento en Arriendo, CEDRITOS Bogotá D.C..",http://www.metrocuadrado.com/inmueble/arriendo-apartamento-bogota-cedritos-3-habitaciones-2-banos-3-garajes/3459-M1950778,$2.000.000,105.0 m2,-74.03740692138672,4.720341205596924
"Apartamento en Arriendo, SAN PATRICIO Bogotá D.C..",http://www.metrocuadrado.com/inmueble/arriendo-apartamento-bogota-san-patricio-1-habitaciones-2-banos-1-garajes/3568-M1950780,$1.900.000,60.0 m2,-74.05096435546875,4.698456764221191
"Apartamento en Arriendo, LAS NIEVES Bogotá D.C..",http://www.metrocuadrado.com/inmueble/arriendo-apartamento-bogota-las-nieves-2-habitaciones-2-banos-1-garajes/4186-M1950650,$1.700.000,68.0 m2,-74.06864166259766,4.608157634735107
"Apartamento en Arriendo, CONTADOR Bogotá D.C..",http://www.metrocuadrado.com/inmueble/arriendo-apartamento-bogota-contador-3-habitaciones-3-banos-2-garajes/803-M1950668,$2.550.000,110.0 m2,-74.030517578125,4.707986831665039
"Apartamento en Arriendo, SAMPER Bogotá D.C..",http://www.metrocuadrado.com/inmueble/arriendo-apartamento-bogota-samper-2-habitaciones-2-banos-2-garajes/4186-M1950705,$2.000.000,80.0 m2,-74.06910705566406,4.619496822357178
"Apartamento en Arriendo, CHICO NORTE III Bogotá D.C..",http://www.metrocuadrado.com/inmueble/arriendo-apartamento-bogota-chico-norte-iii-3-habitaciones-2-banos-1-garajes/4186-M1950669,$1.750.000,75.0 m2,-74.05070495605469,4.685245990753174
"Apartamento en Arriendo, PUENTE LARGO Bogotá D.C..",http://www.metrocuadrado.com/inmueble/arriendo-apartamento-bogota-puente-largo-1-habitaciones-1-banos-1-garajes/970-M1950681,$1.700.000,55.0 m2,-74.06614685058594,4.693624496459961
"Apartamento en Arriendo, CERROS DE SANTA BARBARA Bogotá D.C..",http://www.metrocuadrado.com/inmueble/arriendo-apartamento-bogota-cerros-de-santa-barbara-3-habitaciones-4-banos-4-garajes/3216-M1950763,$15.000.000,350.0 m2,-74.02764129638672,4.696638584136963
"Apartamento en Arriendo, CHICO Bogotá D.C..",http://www.metrocuadrado.com/inmueble/arriendo-apartamento-bogota-chico-2-habitaciones-3-banos-2-garajes/800-M1950558,$5.200.000,100.0 m2,-74.05178833007812,4.673309803009033
"Apartamento en Arriendo, SAMPER Bogotá D.C..",http://www.metrocuadrado.com/inmueble/arriendo-apartamento-bogota-samper-1-habitaciones-1-banos-1-garajes/4186-M1950629,$1.700.000,45.0 m2,-74.06997680664062,4.618945598602295
"Apartamento en Arriendo, URBANIZACION BOSQUES DE MEDINA Bogotá D.C..",http://www.metrocuadrado.com/inmueble/arriendo-apartamento-bogota-urbanizacion-bosques-de-medina-2-habitaciones-3-banos-2-garajes/3568-M1950585,$3.500.000,150.0 m2,-74.02706909179688,4.711452960968018
"Apartamento en Arriendo, CONTADOR Bogotá D.C..",http://www.metrocuadrado.com/inmueble/arriendo-apartamento-bogota-contador-3-habitaciones-3-banos-2-garajes/803-M1950668,$2.550.000,110.0 m2,-74.030517578125,4.707986831665039
"Apartamento en Arriendo, CHICO Bogotá D.C..",http://www.metrocuadrado.com/inmueble/arriendo-apartamento-bogota-chico-3-habitaciones-5-banos-4-garajes/3216-M1950850,$10.000.000,252.0 m2,-74.04582977294922,4.671429634094238
"Apartamento en Arriendo, CHICO NORTE III Bogotá D.C..",http://www.metrocuadrado.com/inmueble/arriendo-apartamento-bogota-chico-norte-iii-3-habitaciones-2-banos-1-garajes/4186-M1950669,$1.750.000,75.0 m2,-74.05070495605469,4.685245990753174
"Apartamento en Arriendo, VILLA ALSACIA Bogotá D.C..",http://www.metrocuadrado.com/inmueble/arriendo-apartamento-bogota-villa-alsacia-3-habitaciones-2-banos-1-garajes/3057-M1950670,$1.350.000,70.0 m2,-74.12652587890625,4.643473148345947
"Apartamento en Arriendo, CONTADOR Bogotá D.C..",http://www.metrocuadrado.com/inmueble/arriendo-apartamento-bogota-contador-2-habitaciones-2-banos-1-garajes/3858-M1950840,$2.000.000,74.0 m2,-74.03086853027344,4.708054065704346
"Apartamento en Arriendo, LOS ROSALES Bogotá D.C..",http://www.metrocuadrado.com/inmueble/arriendo-apartamento-bogota-los-rosales-3-habitaciones-2-banos-1-garajes/660-M1950672,$2.115.000,110.0 m2,-74.049072265625,4.657288551330566
"Apartamento en Arriendo, VICTORIA NORTE Bogotá D.C..",http://www.metrocuadrado.com/inmueble/arriendo-apartamento-bogota-victoria-norte-2-habitaciones-2-banos-1-garajes/703-1551,$1.300.000,58.0 m2,-74.05437865,4.73229245
"Apartamento en Arriendo, CHICO NORTE III Bogotá D.C..",http://www.metrocuadrado.com/inmueble/arriendo-apartamento-bogota-chico-norte-iii-2-habitaciones-2-banos-2-garajes/2501-M1950820,$2.365.000,73.0 m2,-74.05632019042969,4.682374477386475
"Apartamento en Arriendo, CIUDAD SALITRE OCCIDENTAL Bogotá D.C..",http://www.metrocuadrado.com/inmueble/arriendo-apartamento-bogota-ciudad-salitre-occidental-3-habitaciones-3-banos-1-garajes/4186-M1950819,$2.100.000,90.0 m2,-74.1087875366211,4.649653911590576
"Apartamento en Arriendo, RESTREPO OCCIDENTAL Bogotá D.C..",http://www.metrocuadrado.com/inmueble/arriendo-apartamento-bogota-restrepo-occidental-4-habitaciones-1-banos-0-garajes/3561-M1950731,$1.100.000,110.0 m2,-74.10600280761719,4.5857744216918945
"Apartamento en Arriendo, CHICO Bogotá D.C..",http://www.metrocuadrado.com/inmueble/arriendo-apartamento-bogota-chico-2-habitaciones-3-banos-2-garajes/2489-M1950771,$7.000.000,116.0 m2,-74.04821014404297,4.671966552734375
"Apartamento en Arriendo, EL CONTADOR Bogotá D.C..",http://www.metrocuadrado.com/inmueble/arriendo-apartamento-bogota-el-contador-1-habitaciones-2-banos-1-garajes/2265-M1950781,$1.590.000,54.0 m2,-74.04293823242188,4.718315601348877
"Apartamento en Venta Y Arriendo, SANTA BARBARA CENTRAL Bogotá D.C..",http://www.metrocuadrado.com/inmueble/venta-apartamento-bogota-santa-barbara-central-2-habitaciones-3-banos-2-garajes/3216-M1950793,$2.800.000,118.0 m2,-74.03348541259766,4.696610927581787
"Apartamento en Arriendo, SANTA BIBIANA Bogotá D.C..",http://www.metrocuadrado.com/inmueble/arriendo-apartamento-bogota-santa-bibiana-1-habitaciones-2-banos-1-garajes/5395-M1950855,$2.000.000,55.0 m2,-74.05436706542969,4.6866302490234375
"Apartamento en Arriendo, LAS ACACIAS Bogotá D.C..",http://www.metrocuadrado.com/inmueble/arriendo-apartamento-bogota-las-acacias-3-habitaciones-4-banos-4-garajes/2501-M1950797,$12.000.000,350.0 m2,-74.05125427246094,4.650001525878906
"Apartamento en Arriendo, CHICO Bogotá D.C..",http://www.metrocuadrado.com/inmueble/arriendo-apartamento-bogota-chico-1-habitaciones-2-banos-2-garajes/800-M1950534,$3.500.000,53.0 m2,-74.05178833007812,4.673309803009033
"Apartamento en Arriendo, GILMAR Bogotá D.C..",http://www.metrocuadrado.com/inmueble/arriendo-apartamento-bogota-gilmar-3-habitaciones-2-banos-1-garajes/2919-M1950603,$1.650.000,88.0 m2,-74.0601577758789,4.743128776550293
"Apartamento en Arriendo, RINCON DEL CHICO Bogotá D.C..",http://www.metrocuadrado.com/inmueble/arriendo-apartamento-bogota-rincon-del-chico-1-habitaciones-1-banos-1-garajes/4186-M1950811,$2.100.000,62.0 m2,-74.04664611816406,4.685323238372803
"Apartamento en Arriendo, CEDRITOS Bogotá D.C..",http://www.metrocuadrado.com/inmueble/arriendo-apartamento-bogota-cedritos-3-habitaciones-2-banos-3-garajes/3459-M1950778,$2.000.000,105.0 m2,-74.03740692138672,4.720341205596924
"Apartamento en Arriendo, EL ENSUEÑO Bogotá D.C..",http://www.metrocuadrado.com/inmueble/arriendo-apartamento-bogota-el-ensueno-3-habitaciones-2-banos-0-garajes/201-M1950713,$128.000.000,60.0 m2,-74.160888671875,4.586818218231201
"Apartamento en Arriendo, SANTIAGO PEREZ Bogotá D.C..",http://www.metrocuadrado.com/inmueble/arriendo-apartamento-bogota-santiago-perez-2-habitaciones-1-banos-0-garajes/201-M1950576,$700.000,56.0 m2,-74.11050415039062,4.5875749588012695
"Apartamento en Arriendo, EL CEREZO Bogotá D.C..",http://www.metrocuadrado.com/inmueble/arriendo-apartamento-bogota-el-cerezo-3-habitaciones-2-banos-1-garajes/732-M1950658,$1.160.000,96.0 m2,-74.03350830078125,4.768973350524902
